Model,Accuracy,Precision,Recall,F1-Score,ROC-AUC
KNN,0.5563032633548118,0.5613366378941971,0.562268867278455,0.5618023658617947,0.5764990240522736
LSTM,0.5491404110776056,0.5551961602671118,0.546874732352387,0.5510040299267365,0.5718017708574243
XGBoost,0.5467591630291693,0.5443217136270118,0.6386796329269963,0.5877376103859273,0.5685360115364329
Random Forest,0.5273245340539042,0.5251473657953815,0.6848548144089851,0.5944612458110107,0.5381184808987322
Logistic Regression,0.5172174877017945,0.5196442792673215,0.6032564032324339,0.5583374269098516,0.5233623759240604
